<?xml version="1.0" encoding="UTF-8"?>
<project-private xmlns="http://www.netbeans.org/ns/project-private/1">
    <editor-bookmarks xmlns="http://www.netbeans.org/ns/editor-bookmarks/2" lastBookmarkId="0"/>
    <open-files xmlns="http://www.netbeans.org/ns/projectui-open-files/2">
        <group>
            <file>file:/C:/Users/karol/OneDrive/Documents/Allan/ContextoClienteIB/src/view/MenuAdmin.java</file>
            <file>file:/C:/Users/karol/OneDrive/Documents/Allan/ContextoClienteIB/src/view/ConfigurarCorrida.java</file>
            <file>file:/C:/Users/karol/OneDrive/Documents/Allan/ContextoClienteIB/src/cliente/Simulador.java</file>
            <file>file:/C:/Users/karol/OneDrive/Documents/Allan/ContextoClienteIB/src/view/TelaInicial.java</file>
            <file>file:/C:/Users/karol/OneDrive/Documents/Allan/ContextoClienteIB/src/cliente/Cliente.java</file>
        </group>
    </open-files>
</project-private>
