<?xml version="1.0" encoding="UTF-8"?>
<project-private xmlns="http://www.netbeans.org/ns/project-private/1">
    <editor-bookmarks xmlns="http://www.netbeans.org/ns/editor-bookmarks/2" lastBookmarkId="0"/>
    <open-files xmlns="http://www.netbeans.org/ns/projectui-open-files/2">
        <group>
            <file>file:/C:/Users/User/Documents/2019.1/MIRedes/InternetDosBrinquedosErros/InternetDosBrinquedosErros/src/view/CadastroJogador.java</file>
            <file>file:/C:/Users/User/Documents/2019.1/MIRedes/InternetDosBrinquedosErros/InternetDosBrinquedosErros/src/view/ConfigurarCorrida.java</file>
            <file>file:/C:/Users/User/Documents/2019.1/MIRedes/InternetDosBrinquedosErros/InternetDosBrinquedosErros/src/view/Login.java</file>
            <file>file:/C:/Users/User/Documents/2019.1/MIRedes/InternetDosBrinquedosErros/InternetDosBrinquedosErros/src/cliente/Simulador.java</file>
            <file>file:/C:/Users/User/Documents/2019.1/MIRedes/InternetDosBrinquedosErros/InternetDosBrinquedosErros/src/view/MenuAdmin.java</file>
            <file>file:/C:/Users/User/Documents/2019.1/MIRedes/InternetDosBrinquedosErros/InternetDosBrinquedosErros/src/view/CadastroADM.java</file>
            <file>file:/C:/Users/User/Documents/2019.1/MIRedes/InternetDosBrinquedosErros/InternetDosBrinquedosErros/src/view/TelaInicial.java</file>
            <file>file:/C:/Users/User/Documents/2019.1/MIRedes/InternetDosBrinquedosErros/InternetDosBrinquedosErros/src/view/ListarDadosCorrida.java</file>
            <file>file:/C:/Users/User/Documents/2019.1/MIRedes/InternetDosBrinquedosErros/InternetDosBrinquedosErros/src/view/TelaCorrida.java</file>
            <file>file:/C:/Users/User/Documents/2019.1/MIRedes/InternetDosBrinquedosErros/InternetDosBrinquedosErros/src/view/CadastroCarro.java</file>
            <file>file:/C:/Users/User/Documents/2019.1/MIRedes/InternetDosBrinquedosErros/InternetDosBrinquedosErros/src/cliente/Cliente.java</file>
            <file>file:/C:/Users/User/Documents/2019.1/MIRedes/InternetDosBrinquedosErros/InternetDosBrinquedosErros/src/view/MenuUsuario.java</file>
        </group>
    </open-files>
</project-private>
