<?xml version="1.0" encoding="UTF-8"?>
<project-private xmlns="http://www.netbeans.org/ns/project-private/1">
    <editor-bookmarks xmlns="http://www.netbeans.org/ns/editor-bookmarks/2" lastBookmarkId="0"/>
    <open-files xmlns="http://www.netbeans.org/ns/projectui-open-files/2">
        <group>
            <file>file:/C:/Users/User/Documents/2019.1/MIRedes/InternetDosBrinquedos/src/servidor/Handler.java</file>
            <file>file:/C:/Users/User/Documents/2019.1/MIRedes/InternetDosBrinquedos/src/view/TelaCorrida.java</file>
            <file>file:/C:/Users/User/Documents/2019.1/MIRedes/InternetDosBrinquedos/src/view/ConfigurarCorrida.java</file>
            <file>file:/C:/Users/User/Documents/2019.1/MIRedes/InternetDosBrinquedos/src/cliente/Cliente.java</file>
            <file>file:/C:/Users/User/Documents/2019.1/MIRedes/InternetDosBrinquedos/src/cliente/Corrida.java</file>
            <file>file:/C:/Users/User/Documents/2019.1/MIRedes/InternetDosBrinquedos/src/cliente/Simulador.java</file>
            <file>file:/C:/Users/User/Documents/2019.1/MIRedes/InternetDosBrinquedos/src/view/MenuAdmin.java</file>
            <file>file:/C:/Users/User/Documents/2019.1/MIRedes/InternetDosBrinquedos/src/cliente/Jogador.java</file>
            <file>file:/C:/Users/User/Documents/2019.1/MIRedes/InternetDosBrinquedos/src/servidor/ThreadServidor.java</file>
        </group>
    </open-files>
</project-private>
